{
    "name": "root",
    "gauges": {
        "MultipleFoodGatherer.Policy.Entropy.mean": {
            "value": 1.595495581626892,
            "min": 1.595495581626892,
            "max": 2.111309766769409,
            "count": 10
        },
        "MultipleFoodGatherer.Policy.Entropy.sum": {
            "value": 80464.03125,
            "min": 80464.03125,
            "max": 106477.578125,
            "count": 10
        },
        "MultipleFoodGatherer.Step.mean": {
            "value": 499968.0,
            "min": 49984.0,
            "max": 499968.0,
            "count": 10
        },
        "MultipleFoodGatherer.Step.sum": {
            "value": 499968.0,
            "min": 49984.0,
            "max": 499968.0,
            "count": 10
        },
        "MultipleFoodGatherer.Policy.ExtrinsicBaselineEstimate.mean": {
            "value": 1.1455037593841553,
            "min": 0.13060249388217926,
            "max": 1.1455037593841553,
            "count": 10
        },
        "MultipleFoodGatherer.Policy.ExtrinsicBaselineEstimate.sum": {
            "value": 908.384521484375,
            "min": 105.135009765625,
            "max": 908.384521484375,
            "count": 10
        },
        "MultipleFoodGatherer.Policy.ExtrinsicValueEstimate.mean": {
            "value": 1.1455037593841553,
            "min": 0.13060249388217926,
            "max": 1.1455037593841553,
            "count": 10
        },
        "MultipleFoodGatherer.Policy.ExtrinsicValueEstimate.sum": {
            "value": 908.384521484375,
            "min": 105.135009765625,
            "max": 908.384521484375,
            "count": 10
        },
        "MultipleFoodGatherer.FoodScore.mean": {
            "value": 254.75,
            "min": 52.0,
            "max": 254.75,
            "count": 10
        },
        "MultipleFoodGatherer.FoodScore.sum": {
            "value": 1019.0,
            "min": 208.0,
            "max": 1019.0,
            "count": 10
        },
        "MultipleFoodGatherer.Losses.PolicyLoss.mean": {
            "value": 0.02351306200896465,
            "min": 0.02136901350068093,
            "max": 0.026019142027838494,
            "count": 10
        },
        "MultipleFoodGatherer.Losses.PolicyLoss.sum": {
            "value": 0.0940522480358586,
            "min": 0.08547605400272372,
            "max": 0.10897419670704903,
            "count": 10
        },
        "MultipleFoodGatherer.Losses.ValueLoss.mean": {
            "value": 0.18130250451992255,
            "min": 0.006043510118891417,
            "max": 0.18130250451992255,
            "count": 10
        },
        "MultipleFoodGatherer.Losses.ValueLoss.sum": {
            "value": 0.7252100180796902,
            "min": 0.024174040475565668,
            "max": 0.7252100180796902,
            "count": 10
        },
        "MultipleFoodGatherer.Losses.BaselineLoss.mean": {
            "value": 0.18443885504860769,
            "min": 0.0061698304575794755,
            "max": 0.18443885504860769,
            "count": 10
        },
        "MultipleFoodGatherer.Losses.BaselineLoss.sum": {
            "value": 0.7377554201944307,
            "min": 0.024679321830317902,
            "max": 0.7377554201944307,
            "count": 10
        },
        "MultipleFoodGatherer.Policy.LearningRate.mean": {
            "value": 1.5456094848000004e-05,
            "min": 1.5456094848000004e-05,
            "max": 0.0002817984060672,
            "count": 10
        },
        "MultipleFoodGatherer.Policy.LearningRate.sum": {
            "value": 6.182437939200002e-05,
            "min": 6.182437939200002e-05,
            "max": 0.0011271936242688,
            "count": 10
        },
        "MultipleFoodGatherer.Policy.Epsilon.mean": {
            "value": 0.10515200000000002,
            "min": 0.10515200000000002,
            "max": 0.1939328,
            "count": 10
        },
        "MultipleFoodGatherer.Policy.Epsilon.sum": {
            "value": 0.4206080000000001,
            "min": 0.4206080000000001,
            "max": 0.7757312,
            "count": 10
        },
        "MultipleFoodGatherer.Policy.Beta.mean": {
            "value": 0.00026708480000000006,
            "min": 0.00026708480000000006,
            "max": 0.00469724672,
            "count": 10
        },
        "MultipleFoodGatherer.Policy.Beta.sum": {
            "value": 0.0010683392000000002,
            "min": 0.0010683392000000002,
            "max": 0.01878898688,
            "count": 10
        },
        "MultipleFoodGatherer.Environment.EpisodeLength.mean": {
            "value": 999.0,
            "min": 999.0,
            "max": 999.0,
            "count": 10
        },
        "MultipleFoodGatherer.Environment.EpisodeLength.sum": {
            "value": 31968.0,
            "min": 31968.0,
            "max": 63936.0,
            "count": 10
        },
        "MultipleFoodGatherer.Environment.CumulativeReward.mean": {
            "value": 14.0,
            "min": 0.96875,
            "max": 14.0,
            "count": 10
        },
        "MultipleFoodGatherer.Environment.CumulativeReward.sum": {
            "value": 448.0,
            "min": 49.0,
            "max": 657.0,
            "count": 10
        },
        "MultipleFoodGatherer.Policy.ExtrinsicReward.mean": {
            "value": 14.0,
            "min": 0.96875,
            "max": 14.0,
            "count": 10
        },
        "MultipleFoodGatherer.Policy.ExtrinsicReward.sum": {
            "value": 448.0,
            "min": 49.0,
            "max": 657.0,
            "count": 10
        },
        "MultipleFoodGatherer.Environment.GroupCumulativeReward.mean": {
            "value": 0.0,
            "min": 0.0,
            "max": 0.0,
            "count": 10
        },
        "MultipleFoodGatherer.Environment.GroupCumulativeReward.sum": {
            "value": 0.0,
            "min": 0.0,
            "max": 0.0,
            "count": 10
        },
        "MultipleFoodGatherer.IsTraining.mean": {
            "value": 1.0,
            "min": 1.0,
            "max": 1.0,
            "count": 10
        },
        "MultipleFoodGatherer.IsTraining.sum": {
            "value": 1.0,
            "min": 1.0,
            "max": 1.0,
            "count": 10
        }
    },
    "metadata": {
        "timer_format_version": "0.1.0",
        "start_time_seconds": "1741475202",
        "python_version": "3.10.0 (tags/v3.10.0:b494f59, Oct  4 2021, 19:00:18) [MSC v.1929 64 bit (AMD64)]",
        "command_line_arguments": "C:\\Users\\ViniciusDugue\\Desktop\\Generative_Agents\\venv\\Scripts\\mlagents-learn configuration.yaml --run-id=id=Test1",
        "mlagents_version": "0.30.0",
        "mlagents_envs_version": "0.30.0",
        "communication_protocol_version": "1.5.0",
        "pytorch_version": "1.13.1+cu117",
        "numpy_version": "1.23.5",
        "end_time_seconds": "1741475899"
    },
    "total": 696.8088628998958,
    "count": 1,
    "self": 0.004227399826049805,
    "children": {
        "run_training.setup": {
            "total": 0.0501054001506418,
            "count": 1,
            "self": 0.0501054001506418
        },
        "TrainerController.start_learning": {
            "total": 696.7545300999191,
            "count": 1,
            "self": 0.2322643978986889,
            "children": {
                "TrainerController._reset_env": {
                    "total": 13.19186420016922,
                    "count": 1,
                    "self": 13.19186420016922
                },
                "TrainerController.advance": {
                    "total": 683.2644413018133,
                    "count": 15640,
                    "self": 0.24332659621722996,
                    "children": {
                        "env_step": {
                            "total": 544.3843388203532,
                            "count": 15640,
                            "self": 494.5532712948043,