{
    "name": "root",
    "metadata": {
        "timer_format_version": "0.1.0",
        "start_time_seconds": "1737935937",
        "python_version": "3.10.0 (tags/v3.10.0:b494f59, Oct  4 2021, 19:00:18) [MSC v.1929 64 bit (AMD64)]",
        "command_line_arguments": "C:\\Users\\ViniciusDugue\\Desktop\\Generative_Agents\\venv\\Scripts\\mlagents-learn --force --run id=test1",
        "mlagents_version": "0.30.0",
        "mlagents_envs_version": "0.30.0",
        "communication_protocol_version": "1.5.0",
        "pytorch_version": "1.13.1+cu117",
        "numpy_version": "1.23.5",
        "end_time_seconds": "1737936057"
    },
    "total": 119.27623630000744,
    "count": 1,
    "self": 0.003249800007324666,
    "children": {
        "run_training.setup": {
            "total": 0.01152240001829341,
            "count": 1,
            "self": 0.01152240001829341
        },
        "TrainerController.start_learning": {
            "total": 119.26146409998182,
            "count": 1,
            "self": 0.0374836990959011,
            "children": {
                "TrainerController._reset_env": {
                    "total": 31.002457700000377,
                    "count": 1,
                    "self": 31.002457700000377
                },
                "TrainerController.advance": {
                    "total": 88.10430150089087,
                    "count": 2647,
                    "self": 0.03285260251141153,
                    "children": {
                        "env_step": {
                            "total": 87.84755789962946,
                            "count": 2647,
                            "self": 77.263258199353,
                            "children": {
                                "SubprocessEnvManager._take_step": {
                                    "total": 10.562062299490208,
                                    "count": 2647,
                                    "self": 0.12082459876546636,
                                    "children": {
                                        "TorchPolicy.evaluate": {
                                            "total": 10.441237700724741,
                                            "count": 2647,
                                            "self": 10.441237700724741
                                        }
                                    }
                                },
                                "workers": {
                                    "total": 0.022237400786252692,
                                    "count": 2646,
                                    "self": 0.0,
                                    "children": {
                                        "worker_root": {
                                            "total": 27.270826199819567,
                                            "count": 2646,
                                            "is_parallel": true,
                                            "self": 13.194225000101142,
                                            "children": {
                                                "steps_from_proto": {
                                                    "total": 0.00033730000723153353,
                                                    "count": 1,
                                                    "is_parallel": true,
                                                    "self": 0.0001419000036548823,
                                                    "children": {
                                                        "_process_rank_one_or_two_observation": {
                                                            "total": 0.00019540000357665122,
                                                            "count": 4,
                                                            "is_parallel": true,
                                                            "self": 0.00019540000357665122
                                                        }
                                                    }
                                                },
                                                "UnityEnvironment.step": {
                                                    "total": 14.076263899711194,
                                                    "count": 2646,
                                                    "is_parallel": true,
                                                    "self": 0.1693957019597292,
                                                    "children": {
                                                        "UnityEnvironment._generate_step_input": {
                                                            "total": 0.13577509901369922,
                                                            "count": 2646,
                                                            "is_parallel": true,
                                                            "self": 0.13577509901369922
                                                        },
                                                        "communicator.exchange": {
                                                            "total": 13.222676400095224,
                                                            "count": 2646,
                                                            "is_parallel": true,
                                                            "self": 13.222676400095224
                                                        },
                                                        "steps_from_proto": {
                                                            "total": 0.5484166986425407,
                                                            "count": 2646,
                                                            "is_parallel": true,
                                                            "self": 0.24169939948478714,
                                                            "children": {
                                                                "_process_rank_one_or_two_observation": {
                                                                    "total": 0.3067172991577536,
                                                                    "count": 10584,
                                                                    "is_parallel": true,
                                                                    "self": 0.3067172991577536
                                                                }
                                                            }
                                                        }
                                                    }
                                                }
                                            }
                                        }
                                    }
                                }
                            }
                        },
                        "trainer_advance": {
                            "total": 0.22389099874999374,
                            "count": 2646,
                            "self": 0.04734649826423265,
                            "children": {
                                "process_trajectory": {
                                    "total": 0.1765445004857611,
                                    "count": 2646,
                                    "self": 0.1765445004857611
                                }
                            }
                        }
                    }
                },
                "TrainerController._save_models": {
                    "total": 0.11722119999467395,
                    "count": 1,
                    "self": 0.007702600007178262,
                    "children": {
                        "RLTrainer._checkpoint": {
                            "total": 0.10951859998749569,
                            "count": 1,