{
    "name": "root",
    "gauges": {
        "BlockPusher.Policy.Entropy.mean": {
            "value": 2.114694833755493,
            "min": 2.114694833755493,
            "max": 2.7737350463867188,
            "count": 10
        },
        "BlockPusher.Policy.Entropy.sum": {
            "value": 105599.40625,
            "min": 105599.40625,
            "max": 139485.59375,
            "count": 10
        },
        "BlockPusher.Step.mean": {
            "value": 499977.0,
            "min": 49986.0,
            "max": 499977.0,
            "count": 10
        },
        "BlockPusher.Step.sum": {
            "value": 499977.0,
            "min": 49986.0,
            "max": 499977.0,
            "count": 10
        },
        "BlockPusher.Policy.ExtrinsicValueEstimate.mean": {
            "value": 338.2166442871094,
            "min": 14.739319801330566,
            "max": 338.2166442871094,
            "count": 10
        },
        "BlockPusher.Policy.ExtrinsicValueEstimate.sum": {
            "value": 271249.75,
            "min": 11806.1953125,
            "max": 271249.75,
            "count": 10
        },
        "BlockPusher.Environment.EpisodeLength.mean": {
            "value": 945.6923076923077,
            "min": 882.0535714285714,
            "max": 962.1481481481482,
            "count": 10
        },
        "BlockPusher.Environment.EpisodeLength.sum": {
            "value": 49176.0,
            "min": 47008.0,
            "max": 52534.0,
            "count": 10
        },
        "BlockPusher.Environment.CumulativeReward.mean": {
            "value": 3783.716577848563,
            "min": 658.5812989255463,
            "max": 3783.716577848563,
            "count": 10
        },
        "BlockPusher.Environment.CumulativeReward.sum": {
            "value": 196753.26204812527,
            "min": 33587.646245202865,
            "max": 196753.26204812527,
            "count": 10
        },
        "BlockPusher.Policy.ExtrinsicReward.mean": {
            "value": 3783.716577848563,
            "min": 658.5812989255463,
            "max": 3783.716577848563,
            "count": 10
        },
        "BlockPusher.Policy.ExtrinsicReward.sum": {
            "value": 196753.26204812527,
            "min": 33587.646245202865,
            "max": 196753.26204812527,
            "count": 10
        },
        "BlockPusher.Losses.PolicyLoss.mean": {
            "value": 0.023287844658480022,
            "min": 0.021782040721348796,
            "max": 0.025964243362347282,
            "count": 10
        },
        "BlockPusher.Losses.PolicyLoss.sum": {
            "value": 0.11643922329240011,
            "min": 0.08813454021001235,
            "max": 0.12982121681173642,
            "count": 10
        },
        "BlockPusher.Losses.ValueLoss.mean": {
            "value": 888.1359977213542,
            "min": 272.43415883382164,
            "max": 1189.6909277343752,
            "count": 10
        },
        "BlockPusher.Losses.ValueLoss.sum": {
            "value": 4440.679988606771,
            "min": 1089.7366353352866,
            "max": 5948.454638671876,
            "count": 10
        },
        "BlockPusher.Policy.LearningRate.mean": {
            "value": 1.5086374971239992e-05,
            "min": 1.5086374971239992e-05,
            "max": 0.00028428135523954996,
            "count": 10
        },
        "BlockPusher.Policy.LearningRate.sum": {
            "value": 7.543187485619997e-05,
            "min": 7.543187485619997e-05,
            "max": 0.001278921073693,
            "count": 10
        },
        "BlockPusher.Policy.Epsilon.mean": {
            "value": 0.10502876000000001,
            "min": 0.10502876000000001,
            "max": 0.19476045000000008,
            "count": 10
        },
        "BlockPusher.Policy.Epsilon.sum": {
            "value": 0.5251438,
            "min": 0.5251438,
            "max": 0.9263070000000002,
            "count": 10
        },
        "BlockPusher.Policy.Beta.mean": {
            "value": 0.00026093512399999995,
            "min": 0.00026093512399999995,
            "max": 0.004738546454999999,
            "count": 10
        },
        "BlockPusher.Policy.Beta.sum": {
            "value": 0.0013046756199999996,
            "min": 0.0013046756199999996,
            "max": 0.0213227193,
            "count": 10
        },
        "BlockPusher.IsTraining.mean": {
            "value": 1.0,
            "min": 1.0,
            "max": 1.0,
            "count": 10
        },
        "BlockPusher.IsTraining.sum": {
            "value": 1.0,
            "min": 1.0,
            "max": 1.0,
            "count": 10
        }
    },
    "metadata": {
        "timer_format_version": "0.1.0",
        "start_time_seconds": "1738660332",
        "python_version": "3.10.0 (tags/v3.10.0:b494f59, Oct  4 2021, 19:00:18) [MSC v.1929 64 bit (AMD64)]",
        "command_line_arguments": "C:\\Users\\ViniciusDugue\\Desktop\\Generative_Agents\\venv\\Scripts\\mlagents-learn --force --run id=test1",
        "mlagents_version": "0.30.0",
        "mlagents_envs_version": "0.30.0",
        "communication_protocol_version": "1.5.0",
        "pytorch_version": "1.13.1+cu117",
        "numpy_version": "1.23.5",
        "end_time_seconds": "1738661024"
    },
    "total": 692.0142061000224,
    "count": 1,
    "self": 0.006839000037871301,
    "children": {
        "run_training.setup": {
            "total": 0.01116689998889342,
            "count": 1,
            "self": 0.01116689998889342
        },
        "TrainerController.start_learning": {
            "total": 691.9962001999957,
            "count": 1,
            "self": 0.5087088050786406,
            "children": {
                "TrainerController._reset_env": {
                    "total": 8.41952780005522,
                    "count": 1,
                    "self": 8.41952780005522
                },
                "TrainerController.advance": {
                    "total": 682.9982553948648,
                    "count": 31677,
                    "self": 0.4574006930924952,
                    "children": {
                        "env_step": {
                            "total": 590.3657426015125,
                            "count": 31677,
                            "self": 468.99197081290185,
                            "children": {
                                "SubprocessEnvManager._take_step": {
                                    "total": 121.04958449560218,
                                    "count": 31677,
                                    "self": 1.5359925935044885,
                                    "children": {
                                        "TorchPolicy.evaluate": {
                                            "total": 119.51359190209769,
                                            "count": 31280,
                                            "self": 119.51359190209769
                                        }
                                    }
                                },
                                "workers": {
                                    "total": 0.3241872930084355,
                                    "count": 31677,
                                    "self": 0.0,
                                    "children": {
                                        "worker_root": {
                                            "total": 683.2274592973408,
                                            "count": 31677,
                                            "is_parallel": true,
                                            "self": 245.14792679972015,
                                            "children": {
                                                "steps_from_proto": {
                                                    "total": 0.0008863999973982573,
                                                    "count": 1,
                                                    "is_parallel": true,