{
    "name": "root",
    "gauges": {
        "BlockAgent3.Policy.Entropy.mean": {
            "value": 2.7125773429870605,
            "min": 2.7125773429870605,
            "max": 2.80433988571167,
            "count": 8
        },
        "BlockAgent3.Policy.Entropy.sum": {
            "value": 135455.265625,
            "min": 135455.265625,
            "max": 142101.515625,
            "count": 8
        },
        "BlockAgent3.Step.mean": {
            "value": 399947.0,
            "min": 49999.0,
            "max": 399947.0,
            "count": 8
        },
        "BlockAgent3.Step.sum": {
            "value": 399947.0,
            "min": 49999.0,
            "max": 399947.0,
            "count": 8
        },
        "BlockAgent3.Policy.ExtrinsicValueEstimate.mean": {
            "value": 26.044897079467773,
            "min": 0.16673269867897034,
            "max": 26.044897079467773,
            "count": 8
        },
        "BlockAgent3.Policy.ExtrinsicValueEstimate.sum": {
            "value": 21903.7578125,
            "min": 133.55288696289062,
            "max": 21903.7578125,
            "count": 8
        },
        "BlockAgent3.Losses.PolicyLoss.mean": {
            "value": 0.02320381359478536,
            "min": 0.02061072581674318,
            "max": 0.026309292288691118,
            "count": 8
        },
        "BlockAgent3.Losses.PolicyLoss.sum": {
            "value": 0.1160190679739268,
            "min": 0.08244290326697272,
            "max": 0.13154646144345558,
            "count": 8
        },
        "BlockAgent3.Losses.ValueLoss.mean": {
            "value": 127.44308639526366,
            "min": 5.1344849709077,
            "max": 135.9594989013672,
            "count": 8
        },
        "BlockAgent3.Losses.ValueLoss.sum": {
            "value": 637.2154319763183,
            "min": 20.5379398836308,
            "max": 679.797494506836,
            "count": 8
        },
        "BlockAgent3.Policy.LearningRate.mean": {
            "value": 1.88499937167e-05,
            "min": 1.88499937167e-05,
            "max": 0.0002794610693463125,
            "count": 8
        },
        "BlockAgent3.Policy.LearningRate.sum": {
            "value": 9.42499685835e-05,
            "min": 9.42499685835e-05,
            "max": 0.0012173910942030002,
            "count": 8
        },
        "BlockAgent3.Policy.Epsilon.mean": {
            "value": 0.1062833,
            "min": 0.1062833,
            "max": 0.1931536875,
            "count": 8
        },
        "BlockAgent3.Policy.Epsilon.sum": {
            "value": 0.5314165,
            "min": 0.5314165,
            "max": 0.905797,
            "count": 8
        },
        "BlockAgent3.Policy.Beta.mean": {
            "value": 0.00032353667000000017,
            "min": 0.00032353667000000017,
            "max": 0.0046583690062499995,
            "count": 8
        },
        "BlockAgent3.Policy.Beta.sum": {
            "value": 0.0016176833500000007,
            "min": 0.0016176833500000007,
            "max": 0.020299270300000005,
            "count": 8
        },
        "BlockAgent3.Environment.EpisodeLength.mean": {
            "value": 394.3252032520325,
            "min": 366.6906474820144,
            "max": 971.9795918367347,
            "count": 8
        },
        "BlockAgent3.Environment.EpisodeLength.sum": {
            "value": 48502.0,
            "min": 47581.0,
            "max": 50970.0,
            "count": 8
        },
        "BlockAgent3.Environment.CumulativeReward.mean": {
            "value": 140.2439024390244,
            "min": 11.224489795918368,
            "max": 140.28776978417267,
            "count": 8
        },
        "BlockAgent3.Environment.CumulativeReward.sum": {
            "value": 17250.0,
            "min": 550.0,
            "max": 19500.0,
            "count": 8
        },
        "BlockAgent3.Policy.ExtrinsicReward.mean": {
            "value": 140.2439024390244,
            "min": 11.224489795918368,
            "max": 140.28776978417267,
            "count": 8
        },
        "BlockAgent3.Policy.ExtrinsicReward.sum": {
            "value": 17250.0,
            "min": 550.0,
            "max": 19500.0,
            "count": 8
        },
        "BlockAgent3.IsTraining.mean": {
            "value": 1.0,
            "min": 1.0,
            "max": 1.0,
            "count": 8
        },
        "BlockAgent3.IsTraining.sum": {
            "value": 1.0,
            "min": 1.0,
            "max": 1.0,
            "count": 8
        }
    },
    "metadata": {
        "timer_format_version": "0.1.0",
        "start_time_seconds": "1738830118",
        "python_version": "3.10.0 (tags/v3.10.0:b494f59, Oct  4 2021, 19:00:18) [MSC v.1929 64 bit (AMD64)]",
        "command_line_arguments": "C:\\Users\\ViniciusDugue\\Desktop\\Generative_Agents\\venv\\Scripts\\mlagents-learn configuration.yaml --run-id=id=Test1",
        "mlagents_version": "0.30.0",
        "mlagents_envs_version": "0.30.0",
        "communication_protocol_version": "1.5.0",
        "pytorch_version": "1.13.1+cu117",
        "numpy_version": "1.23.5",
        "end_time_seconds": "1738830691"
    },
    "total": 573.5932524999953,
    "count": 1,
    "self": 0.009849899972323328,
    "children": {
        "run_training.setup": {
            "total": 0.05004980001831427,
            "count": 1,
            "self": 0.05004980001831427
        },
        "TrainerController.start_learning": {
            "total": 573.5333528000046,
            "count": 1,
            "self": 0.44429140276042745,
            "children": {
                "TrainerController._reset_env": {
                    "total": 7.227382600016426,
                    "count": 1,
                    "self": 7.227382600016426
                },
                "TrainerController.advance": {
                    "total": 565.7464257972315,
                    "count": 25528,
                    "self": 0.42432509968057275,
                    "children": {
                        "env_step": {
                            "total": 487.670746194839,
                            "count": 25528,
                            "self": 397.98611859290395,
                            "children": {
                                "SubprocessEnvManager._take_step": {
                                    "total": 89.39883000543341,
                                    "count": 25528,
                                    "self": 1.3624976070132107,
                                    "children": {
                                        "TorchPolicy.evaluate": {
                                            "total": 88.0363323984202,
                                            "count": 25029,
                                            "self": 88.0363323984202
                                        }
                                    }
                                },
                                "workers": {
                                    "total": 0.28579759650165215,
                                    "count": 25528,
                                    "self": 0.0,
                                    "children": {
                                        "worker_root": {
                                            "total": 566.0457068057731,
                                            "count": 25528,
                                            "is_parallel": true,
                                            "self": 196.38334870449034,
                                            "children": {
                                                "steps_from_proto": {
                                                    "total": 0.0007122000097297132,
                                                    "count": 1,
                                                    "is_parallel": true,
                                                    "self": 0.00014320004265755415,