{
    "name": "root",
    "gauges": {
        "BlockAgent.Policy.Entropy.mean": {
            "value": 2.6508119106292725,
            "min": 2.6508119106292725,
            "max": 2.7969675064086914,
            "count": 10
        },
        "BlockAgent.Policy.Entropy.sum": {
            "value": 132922.3125,
            "min": 132922.3125,
            "max": 140490.859375,
            "count": 10
        },
        "BlockAgent.Step.mean": {
            "value": 499975.0,
            "min": 49995.0,
            "max": 499975.0,
            "count": 10
        },
        "BlockAgent.Step.sum": {
            "value": 499975.0,
            "min": 49995.0,
            "max": 499975.0,
            "count": 10
        },
        "BlockAgent.Policy.ExtrinsicValueEstimate.mean": {
            "value": 61.41169357299805,
            "min": 0.3875192105770111,
            "max": 61.41169357299805,
            "count": 10
        },
        "BlockAgent.Policy.ExtrinsicValueEstimate.sum": {
            "value": 55086.2890625,
            "min": 309.6278381347656,
            "max": 55086.2890625,
            "count": 10
        },
        "BlockAgent.Losses.PolicyLoss.mean": {
            "value": 0.025654720869315494,
            "min": 0.020869856633168336,
            "max": 0.025933809255075175,
            "count": 10
        },
        "BlockAgent.Losses.PolicyLoss.sum": {
            "value": 0.12827360434657747,
            "min": 0.09513476207309093,
            "max": 0.12966904627537587,
            "count": 10
        },
        "BlockAgent.Losses.ValueLoss.mean": {
            "value": 161.68757141113284,
            "min": 8.561010656889641,
            "max": 161.68757141113284,
            "count": 10
        },
        "BlockAgent.Losses.ValueLoss.sum": {
            "value": 808.4378570556642,
            "min": 34.244042627558564,
            "max": 808.4378570556642,
            "count": 10
        },
        "BlockAgent.Policy.LearningRate.mean": {
            "value": 1.4245775251440004e-05,
            "min": 1.4245775251440004e-05,
            "max": 0.00028355850548049996,
            "count": 10
        },
        "BlockAgent.Policy.LearningRate.sum": {
            "value": 7.122887625720002e-05,
            "min": 7.122887625720002e-05,
            "max": 0.0012743232752256003,
            "count": 10
        },
        "BlockAgent.Policy.Epsilon.mean": {
            "value": 0.10474855999999999,
            "min": 0.10474855999999999,
            "max": 0.1945195,
            "count": 10
        },
        "BlockAgent.Policy.Epsilon.sum": {
            "value": 0.5237428,
            "min": 0.5237428,
            "max": 0.9247744,
            "count": 10
        },
        "BlockAgent.Policy.Beta.mean": {
            "value": 0.0002469531440000002,
            "min": 0.0002469531440000002,
            "max": 0.0047265230500000005,
            "count": 10
        },
        "BlockAgent.Policy.Beta.sum": {
            "value": 0.0012347657200000009,
            "min": 0.0012347657200000009,
            "max": 0.021246242560000003,
            "count": 10
        },
        "BlockAgent.Environment.EpisodeLength.mean": {
            "value": 207.5375,
            "min": 207.5375,
            "max": 960.530612244898,
            "count": 10
        },
        "BlockAgent.Environment.EpisodeLength.sum": {
            "value": 49809.0,
            "min": 47066.0,
            "max": 52482.0,
            "count": 10
        },
        "BlockAgent.Environment.CumulativeReward.mean": {
            "value": 202.01124643137058,
            "min": 28.43992951805038,
            "max": 203.93049365381844,
            "count": 10
        },
        "BlockAgent.Environment.CumulativeReward.sum": {
            "value": 48482.69914352894,
            "min": 1393.5565463844687,
            "max": 48482.69914352894,
            "count": 10
        },
        "BlockAgent.Policy.ExtrinsicReward.mean": {
            "value": 202.01124643137058,
            "min": 28.43992951805038,
            "max": 203.93049365381844,
            "count": 10
        },
        "BlockAgent.Policy.ExtrinsicReward.sum": {
            "value": 48482.69914352894,
            "min": 1393.5565463844687,
            "max": 48482.69914352894,
            "count": 10
        },
        "BlockAgent.IsTraining.mean": {
            "value": 1.0,
            "min": 1.0,
            "max": 1.0,
            "count": 10
        },
        "BlockAgent.IsTraining.sum": {
            "value": 1.0,
            "min": 1.0,
            "max": 1.0,
            "count": 10
        }
    },
    "metadata": {
        "timer_format_version": "0.1.0",
        "start_time_seconds": "1738783326",
        "python_version": "3.10.0 (tags/v3.10.0:b494f59, Oct  4 2021, 19:00:18) [MSC v.1929 64 bit (AMD64)]",
        "command_line_arguments": "C:\\Users\\ViniciusDugue\\Desktop\\Generative_Agents\\venv\\Scripts\\mlagents-learn configuration.yaml --run-id=id=Test1",
        "mlagents_version": "0.30.0",
        "mlagents_envs_version": "0.30.0",
        "communication_protocol_version": "1.5.0",
        "pytorch_version": "1.13.1+cu117",
        "numpy_version": "1.23.5",
        "end_time_seconds": "1738784166"
    },
    "total": 840.117825000023,
    "count": 1,
    "self": 0.005614700086880475,
    "children": {
        "run_training.setup": {
            "total": 0.05919269996229559,
            "count": 1,
            "self": 0.05919269996229559
        },
        "TrainerController.start_learning": {
            "total": 840.0530175999738,
            "count": 1,
            "self": 0.6331815022276714,
            "children": {
                "TrainerController._reset_env": {
                    "total": 12.44207460002508,
                    "count": 1,
                    "self": 12.44207460002508
                },
                "TrainerController.advance": {
                    "total": 826.9052906977595,
                    "count": 32344,
                    "self": 0.5777503100107424,
                    "children": {
                        "env_step": {
                            "total": 713.7713305914076,
                            "count": 32344,
                            "self": 587.5834259921685,
                            "children": {
                                "SubprocessEnvManager._take_step": {
                                    "total": 125.76535479706945,
                                    "count": 32344,
                                    "self": 1.9282038983074017,
                                    "children": {
                                        "TorchPolicy.evaluate": {
                                            "total": 123.83715089876205,
                                            "count": 31290,
                                            "self": 123.83715089876205
                                        }
                                    }
                                },
                                "workers": {
                                    "total": 0.4225498021696694,
                                    "count": 32344,
                                    "self": 0.0,
                                    "children": {
                                        "worker_root": {
                                            "total": 827.1515531971818,
                                            "count": 32344,
                                            "is_parallel": true,
                                            "self": 280.73806599748787,
                                            "children": {
                                                "steps_from_proto": {
                                                    "total": 0.0009453999809920788,
                                                    "count": 1,
                                                    "is_parallel": true,