{
    "name": "root",
    "gauges": {
        "MultipleFoodGatherer.Policy.Entropy.mean": {
            "value": 1.4695175886154175,
            "min": 1.4695175886154175,
            "max": 2.106471061706543,
            "count": 14
        },
        "MultipleFoodGatherer.Policy.Entropy.sum": {
            "value": 73546.4140625,
            "min": 73546.4140625,
            "max": 105424.6640625,
            "count": 14
        },
        "MultipleFoodGatherer.Step.mean": {
            "value": 699968.0,
            "min": 49984.0,
            "max": 699968.0,
            "count": 14
        },
        "MultipleFoodGatherer.Step.sum": {
            "value": 699968.0,
            "min": 49984.0,
            "max": 699968.0,
            "count": 14
        },
        "MultipleFoodGatherer.Policy.ExtrinsicBaselineEstimate.mean": {
            "value": 3.30071759223938,
            "min": -0.05400899425148964,
            "max": 3.30071759223938,
            "count": 14
        },
        "MultipleFoodGatherer.Policy.ExtrinsicBaselineEstimate.sum": {
            "value": 2637.2734375,
            "min": -43.1531867980957,
            "max": 2637.2734375,
            "count": 14
        },
        "MultipleFoodGatherer.Policy.ExtrinsicValueEstimate.mean": {
            "value": 3.30071759223938,
            "min": -0.05400899425148964,
            "max": 3.30071759223938,
            "count": 14
        },
        "MultipleFoodGatherer.Policy.ExtrinsicValueEstimate.sum": {
            "value": 2637.2734375,
            "min": -43.1531867980957,
            "max": 2637.2734375,
            "count": 14
        },
        "MultipleFoodGatherer.FoodScore.mean": {
            "value": 237.0,
            "min": 14.444444444444445,
            "max": 237.0,
            "count": 14
        },
        "MultipleFoodGatherer.FoodScore.sum": {
            "value": 2370.0,
            "min": 130.0,
            "max": 2370.0,
            "count": 14
        },
        "MultipleFoodGatherer.Losses.PolicyLoss.mean": {
            "value": 0.02305884322303234,
            "min": 0.021262281576778286,
            "max": 0.02808375801912255,
            "count": 14
        },
        "MultipleFoodGatherer.Losses.PolicyLoss.sum": {
            "value": 0.09223537289212937,
            "min": 0.08504912630711314,
            "max": 0.1256391230462627,
            "count": 14
        },
        "MultipleFoodGatherer.Losses.ValueLoss.mean": {
            "value": 0.3726170377297835,
            "min": 0.0037350925294132057,
            "max": 0.3726170377297835,
            "count": 14
        },
        "MultipleFoodGatherer.Losses.ValueLoss.sum": {
            "value": 1.490468150919134,
            "min": 0.014940370117652823,
            "max": 1.831772282538992,
            "count": 14
        },
        "MultipleFoodGatherer.Losses.BaselineLoss.mean": {
            "value": 0.3744956410066648,
            "min": 0.003872390573131711,
            "max": 0.3744956410066648,
            "count": 14
        },
        "MultipleFoodGatherer.Losses.BaselineLoss.sum": {
            "value": 1.4979825640266593,
            "min": 0.015489562292526843,
            "max": 1.8536393454580595,
            "count": 14
        },
        "MultipleFoodGatherer.Policy.LearningRate.mean": {
            "value": 9.984096672e-06,
            "min": 9.984096672e-06,
            "max": 0.0002881371468114286,
            "count": 14
        },
        "MultipleFoodGatherer.Policy.LearningRate.sum": {
            "value": 3.9936386688e-05,
            "min": 3.9936386688e-05,
            "max": 0.001334660626541714,
            "count": 14
        },
        "MultipleFoodGatherer.Policy.Epsilon.mean": {
            "value": 0.103328,
            "min": 0.103328,
            "max": 0.1960457142857143,
            "count": 14
        },
        "MultipleFoodGatherer.Policy.Epsilon.sum": {
            "value": 0.413312,
            "min": 0.413312,
            "max": 0.944886857142857,
            "count": 14
        },
        "MultipleFoodGatherer.Policy.Beta.mean": {
            "value": 0.0001760672,
            "min": 0.0001760672,
            "max": 0.004802681142857143,
            "count": 14
        },
        "MultipleFoodGatherer.Policy.Beta.sum": {
            "value": 0.0007042688,
            "min": 0.0007042688,
            "max": 0.022249854171428572,
            "count": 14
        },
        "MultipleFoodGatherer.Environment.EpisodeLength.mean": {
            "value": 999.0,
            "min": 999.0,
            "max": 999.0,
            "count": 14
        },
        "MultipleFoodGatherer.Environment.EpisodeLength.sum": {
            "value": 47952.0,
            "min": 47952.0,
            "max": 63936.0,
            "count": 14
        },
        "MultipleFoodGatherer.Environment.CumulativeReward.mean": {
            "value": 36.333333333333336,
            "min": 0.9791666666666666,
            "max": 36.333333333333336,
            "count": 14
        },
        "MultipleFoodGatherer.Environment.CumulativeReward.sum": {
            "value": 1744.0,
            "min": 47.0,
            "max": 1744.0,
            "count": 14
        },
        "MultipleFoodGatherer.Policy.ExtrinsicReward.mean": {
            "value": 36.333333333333336,
            "min": 0.9791666666666666,
            "max": 36.333333333333336,
            "count": 14
        },
        "MultipleFoodGatherer.Policy.ExtrinsicReward.sum": {
            "value": 1744.0,
            "min": 47.0,
            "max": 1744.0,
            "count": 14
        },
        "MultipleFoodGatherer.Environment.GroupCumulativeReward.mean": {
            "value": 0.0,
            "min": 0.0,
            "max": 0.0,
            "count": 14
        },
        "MultipleFoodGatherer.Environment.GroupCumulativeReward.sum": {
            "value": 0.0,
            "min": 0.0,
            "max": 0.0,
            "count": 14
        },
        "MultipleFoodGatherer.IsTraining.mean": {
            "value": 1.0,
            "min": 1.0,
            "max": 1.0,
            "count": 14
        },
        "MultipleFoodGatherer.IsTraining.sum": {
            "value": 1.0,
            "min": 1.0,
            "max": 1.0,
            "count": 14
        }
    },
    "metadata": {
        "timer_format_version": "0.1.0",
        "start_time_seconds": "1742275087",
        "python_version": "3.10.0 (tags/v3.10.0:b494f59, Oct  4 2021, 19:00:18) [MSC v.1929 64 bit (AMD64)]",
        "command_line_arguments": "C:\\Users\\ViniciusDugue\\Desktop\\Generative_Agents\\venv\\Scripts\\mlagents-learn configuration.yaml --run-id=id=Test1",
        "mlagents_version": "0.30.0",
        "mlagents_envs_version": "0.30.0",
        "communication_protocol_version": "1.5.0",
        "pytorch_version": "1.13.1+cu117",
        "numpy_version": "1.23.5",
        "end_time_seconds": "1742277440"
    },
    "total": 2353.5145446999813,
    "count": 1,
    "self": 0.009827199974097311,
    "children": {
        "run_training.setup": {
            "total": 0.06253240001387894,
            "count": 1,
            "self": 0.06253240001387894
        },
        "TrainerController.start_learning": {
            "total": 2353.4421850999934,
            "count": 1,
            "self": 0.6932924048160203,
            "children": {
                "TrainerController._reset_env": {
                    "total": 7.619107799953781,
                    "count": 1,
                    "self": 7.619107799953781
                },
                "TrainerController.advance": {
                    "total": 2345.0424046952394,
                    "count": 43768,
                    "self": 0.6764978978317231,
                    "children": {
                        "env_step": {
                            "total": 2103.0215644973214,
                            "count": 43768,
                            "self": 1938.6673899941961,