{
    "name": "root",
    "metadata": {
        "timer_format_version": "0.1.0",
        "start_time_seconds": "1738046266",
        "python_version": "3.10.0 (tags/v3.10.0:b494f59, Oct  4 2021, 19:00:18) [MSC v.1929 64 bit (AMD64)]",
        "command_line_arguments": "C:\\Users\\natef\\Desktop\\Everything\\Programming\\Projects\\Generative_Agents\\venv\\Scripts\\mlagents-learn --force --run id=test1",
        "mlagents_version": "0.30.0",
        "mlagents_envs_version": "0.30.0",
        "communication_protocol_version": "1.5.0",
        "pytorch_version": "1.13.1+cpu",
        "numpy_version": "1.21.2",
        "end_time_seconds": "1738046287"
    },
    "total": 21.04060019995086,
    "count": 1,
    "self": 0.016075599938631058,
    "children": {
        "run_training.setup": {
            "total": 0.39440440002363175,
            "count": 1,
            "self": 0.39440440002363175
        },
        "TrainerController.start_learning": {
            "total": 20.630120199988596,
            "count": 1,
            "self": 0.0001919000642374158,
            "children": {
                "TrainerController._reset_env": {
                    "total": 20.436731799971312,
                    "count": 1,
                    "self": 20.436731799971312
                },
                "TrainerController.advance": {
                    "total": 0.02212179999332875,
                    "count": 1,
                    "self": 6.800051778554916e-06,
                    "children": {
                        "env_step": {
                            "total": 0.022114999941550195,
                            "count": 1,
                            "self": 0.0002582998713478446,
                            "children": {
                                "SubprocessEnvManager._take_step": {
                                    "total": 0.02185670007020235,
                                    "count": 1,
                                    "self": 4.600000102072954e-05,
                                    "children": {
                                        "TorchPolicy.evaluate": {
                                            "total": 0.02181070006918162,
                                            "count": 1,
                                            "self": 0.02181070006918162
                                        }
                                    }
                                }
                            }
                        }
                    }
                },
                "TrainerController._save_models": {
                    "total": 0.1710746999597177,
                    "count": 1,
                    "self": 0.013417999958619475,
                    "children": {
                        "RLTrainer._checkpoint": {
                            "total": 0.15765670000109822,
                            "count": 1,
                            "self": 0.15765670000109822
                        }
                    }
                }
            }
        }
    }
}