{
    "name": "root",
    "gauges": {
        "BlockPusher.Policy.Entropy.mean": {
            "value": 2.0035645961761475,
            "min": 2.0032999515533447,
            "max": 2.2774558067321777,
            "count": 110
        },
        "BlockPusher.Policy.Entropy.sum": {
            "value": 100114.1171875,
            "min": 100114.1171875,
            "max": 113910.8671875,
            "count": 110
        },
        "BlockPusher.Step.mean": {
            "value": 5999954.0,
            "min": 549997.0,
            "max": 5999954.0,
            "count": 110
        },
        "BlockPusher.Step.sum": {
            "value": 5999954.0,
            "min": 549997.0,
            "max": 5999954.0,
            "count": 110
        },
        "BlockPusher.Policy.ExtrinsicValueEstimate.mean": {
            "value": 329.1598815917969,
            "min": 107.5873794555664,
            "max": 362.23291015625,
            "count": 110
        },
        "BlockPusher.Policy.ExtrinsicValueEstimate.sum": {
            "value": 263657.0625,
            "min": 86177.4921875,
            "max": 290148.5625,
            "count": 110
        },
        "BlockPusher.Losses.PolicyLoss.mean": {
            "value": 0.024467985320419154,
            "min": 0.019360477255346877,
            "max": 0.02740887430069658,
            "count": 110
        },
        "BlockPusher.Losses.PolicyLoss.sum": {
            "value": 0.12233992660209576,
            "min": 0.0847320417369095,
            "max": 0.1370443715034829,
            "count": 110
        },
        "BlockPusher.Losses.ValueLoss.mean": {
            "value": 1493.263799641927,
            "min": 781.4374210611979,
            "max": 2132.0810489908854,
            "count": 110
        },
        "BlockPusher.Losses.ValueLoss.sum": {
            "value": 7466.3189982096355,
            "min": 3907.1871053059895,
            "max": 10660.405244954427,
            "count": 110
        },
        "BlockPusher.Policy.LearningRate.mean": {
            "value": 1.3559395480533346e-06,
            "min": 1.3559395480533346e-06,
            "max": 0.00027362657129114575,
            "count": 110
        },
        "BlockPusher.Policy.LearningRate.sum": {
            "value": 6.7796977402666726e-06,
            "min": 6.7796977402666726e-06,
            "max": 0.001356248797917083,
            "count": 110
        },
        "BlockPusher.Policy.Epsilon.mean": {
            "value": 0.10045194666666668,
            "min": 0.10045194666666668,
            "max": 0.19120885416666672,
            "count": 110
        },
        "BlockPusher.Policy.Epsilon.sum": {
            "value": 0.5022597333333334,
            "min": 0.40831703333333336,
            "max": 0.9520829166666667,
            "count": 110
        },
        "BlockPusher.Policy.Beta.mean": {
            "value": 3.2552138666666694e-05,
            "min": 3.2552138666666694e-05,
            "max": 0.004561321822916667,
            "count": 110
        },
        "BlockPusher.Policy.Beta.sum": {
            "value": 0.00016276069333333347,
            "min": 0.00016276069333333347,
            "max": 0.022608937541666665,
            "count": 110
        },
        "BlockPusher.Environment.EpisodeLength.mean": {
            "value": 966.0192307692307,
            "min": 828.8524590163935,
            "max": 999.0,
            "count": 110
        },
        "BlockPusher.Environment.EpisodeLength.sum": {
            "value": 50233.0,
            "min": 44516.0,
            "max": 54966.0,
            "count": 110
        },
        "BlockPusher.Environment.CumulativeReward.mean": {
            "value": 3191.209470445523,
            "min": 756.0921228246933,
            "max": 3653.5074242857177,
            "count": 110
        },
        "BlockPusher.Environment.CumulativeReward.sum": {
            "value": 165942.8924631672,
            "min": 41585.06675535813,
            "max": 186328.8786385716,
            "count": 110
        },
        "BlockPusher.Policy.ExtrinsicReward.mean": {
            "value": 3191.209470445523,
            "min": 756.0921228246933,
            "max": 3653.5074242857177,
            "count": 110
        },
        "BlockPusher.Policy.ExtrinsicReward.sum": {
            "value": 165942.8924631672,
            "min": 41585.06675535813,
            "max": 186328.8786385716,
            "count": 110
        },
        "BlockPusher.IsTraining.mean": {
            "value": 1.0,
            "min": 1.0,
            "max": 1.0,
            "count": 110
        },
        "BlockPusher.IsTraining.sum": {
            "value": 1.0,
            "min": 1.0,
            "max": 1.0,
            "count": 110
        }
    },
    "metadata": {
        "timer_format_version": "0.1.0",
        "start_time_seconds": "1738692952",
        "python_version": "3.10.0 (tags/v3.10.0:b494f59, Oct  4 2021, 19:00:18) [MSC v.1929 64 bit (AMD64)]",
        "command_line_arguments": "C:\\Users\\ViniciusDugue\\Desktop\\Generative_Agents\\venv\\Scripts\\mlagents-learn configuration.yaml --run-id=id=Test1 --resume",
        "mlagents_version": "0.30.0",
        "mlagents_envs_version": "0.30.0",
        "communication_protocol_version": "1.5.0",
        "pytorch_version": "1.13.1+cu117",
        "numpy_version": "1.23.5",
        "end_time_seconds": "1738701320"
    },
    "total": 8368.751104999974,
    "count": 1,
    "self": 0.01173869997728616,
    "children": {
        "run_training.setup": {
            "total": 0.05474049999611452,
            "count": 1,
            "self": 0.05474049999611452
        },
        "TrainerController.start_learning": {
            "total": 8368.6846258,
            "count": 1,
            "self": 6.768093310995027,
            "children": {
                "TrainerController._reset_env": {
                    "total": 6.9524511999916285,
                    "count": 1,
                    "self": 6.9524511999916285
                },
                "TrainerController.advance": {
                    "total": 8354.848193388956,
                    "count": 349051,
                    "self": 6.188790879154112,
                    "children": {
                        "env_step": {
                            "total": 7169.934492990666,
                            "count": 349051,
                            "self": 5864.545550170646,
                            "children": {
                                "SubprocessEnvManager._take_step": {
                                    "total": 1300.893555802235,
                                    "count": 349051,
                                    "self": 19.863223612424918,
                                    "children": {
                                        "TorchPolicy.evaluate": {
                                            "total": 1281.03033218981,
                                            "count": 343784,
                                            "self": 1281.03033218981
                                        }
                                    }
                                },
                                "workers": {
                                    "total": 4.495387017785106,
                                    "count": 349051,
                                    "self": 0.0,
                                    "children": {
                                        "worker_root": {
                                            "total": 8353.004211789405,
                                            "count": 349051,
                                            "is_parallel": true,
                                            "self": 2910.8461952800862,
                                            "children": {
                                                "steps_from_proto": {
                                                    "total": 0.0007501000072807074,
                                                    "count": 1,