{
    "name": "root",
    "gauges": {
        "BlockAgent4.Policy.Entropy.mean": {
            "value": 2.802100419998169,
            "min": 2.7889249324798584,
            "max": 2.814603090286255,
            "count": 8
        },
        "BlockAgent4.Policy.Entropy.sum": {
            "value": 139791.1875,
            "min": 138789.546875,
            "max": 141952.1875,
            "count": 8
        },
        "BlockAgent4.Environment.EpisodeLength.mean": {
            "value": 959.5192307692307,
            "min": 27.687274909963985,
            "max": 985.5135135135135,
            "count": 8
        },
        "BlockAgent4.Environment.EpisodeLength.sum": {
            "value": 49895.0,
            "min": 36464.0,
            "max": 50429.0,
            "count": 8
        },
        "BlockAgent4.Step.mean": {
            "value": 399943.0,
            "min": 49969.0,
            "max": 399943.0,
            "count": 8
        },
        "BlockAgent4.Step.sum": {
            "value": 399943.0,
            "min": 49969.0,
            "max": 399943.0,
            "count": 8
        },
        "BlockAgent4.Policy.ExtrinsicValueEstimate.mean": {
            "value": 0.5285676717758179,
            "min": 0.06798660755157471,
            "max": 0.5285676717758179,
            "count": 8
        },
        "BlockAgent4.Policy.ExtrinsicValueEstimate.sum": {
            "value": 423.3826904296875,
            "min": 159.871337890625,
            "max": 423.3826904296875,
            "count": 8
        },
        "BlockAgent4.Environment.CumulativeReward.mean": {
            "value": 3.8461538461538463,
            "min": 0.33013205282112845,
            "max": 5.555555555555555,
            "count": 8
        },
        "BlockAgent4.Environment.CumulativeReward.sum": {
            "value": 200.0,
            "min": 50.0,
            "max": 550.0,
            "count": 8
        },
        "BlockAgent4.Policy.ExtrinsicReward.mean": {
            "value": 3.8461538461538463,
            "min": 0.33013205282112845,
            "max": 5.555555555555555,
            "count": 8
        },
        "BlockAgent4.Policy.ExtrinsicReward.sum": {
            "value": 200.0,
            "min": 50.0,
            "max": 550.0,
            "count": 8
        },
        "BlockAgent4.Losses.PolicyLoss.mean": {
            "value": 0.022810752383278062,
            "min": 0.02068615980744653,
            "max": 0.024619100095411395,
            "count": 8
        },
        "BlockAgent4.Losses.PolicyLoss.sum": {
            "value": 0.11405376191639031,
            "min": 0.09479277446492537,
            "max": 0.12309550047705697,
            "count": 8
        },
        "BlockAgent4.Losses.ValueLoss.mean": {
            "value": 1.1528976119930547,
            "min": 0.010771518914649884,
            "max": 2.032278869424287,
            "count": 8
        },
        "BlockAgent4.Losses.ValueLoss.sum": {
            "value": 5.764488059965274,
            "min": 0.05385759457324942,
            "max": 8.129115477697148,
            "count": 8
        },
        "BlockAgent4.Policy.LearningRate.mean": {
            "value": 1.9386393537899995e-05,
            "min": 1.9386393537899995e-05,
            "max": 0.0002799916941694375,
            "count": 8
        },
        "BlockAgent4.Policy.LearningRate.sum": {
            "value": 9.693196768949998e-05,
            "min": 9.693196768949998e-05,
            "max": 0.0012252285915904998,
            "count": 8
        },
        "BlockAgent4.Policy.Epsilon.mean": {
            "value": 0.1064621,
            "min": 0.1064621,
            "max": 0.19333056250000005,
            "count": 8
        },
        "BlockAgent4.Policy.Epsilon.sum": {
            "value": 0.5323105,
            "min": 0.5238565,
            "max": 0.9084094999999999,
            "count": 8
        },
        "BlockAgent4.Policy.Beta.mean": {
            "value": 0.0003324587900000001,
            "min": 0.0003324587900000001,
            "max": 0.00466719506875,
            "count": 8
        },
        "BlockAgent4.Policy.Beta.sum": {
            "value": 0.0016622939500000003,
            "min": 0.0016622939500000003,
            "max": 0.020429634050000006,
            "count": 8
        },
        "BlockAgent4.IsTraining.mean": {
            "value": 1.0,
            "min": 1.0,
            "max": 1.0,
            "count": 8
        },
        "BlockAgent4.IsTraining.sum": {
            "value": 1.0,
            "min": 1.0,
            "max": 1.0,
            "count": 8
        }
    },
    "metadata": {
        "timer_format_version": "0.1.0",
        "start_time_seconds": "1741077461",
        "python_version": "3.10.0 (tags/v3.10.0:b494f59, Oct  4 2021, 19:00:18) [MSC v.1929 64 bit (AMD64)]",
        "command_line_arguments": "C:\\Users\\ViniciusDugue\\Desktop\\Generative_Agents\\venv\\Scripts\\mlagents-learn configuration.yaml --run-id=id=Test1",
        "mlagents_version": "0.30.0",
        "mlagents_envs_version": "0.30.0",
        "communication_protocol_version": "1.5.0",
        "pytorch_version": "1.13.1+cu117",
        "numpy_version": "1.23.5",
        "end_time_seconds": "1741078251"
    },
    "total": 789.7566808999982,
    "count": 1,
    "self": 0.008656700141727924,
    "children": {
        "run_training.setup": {
            "total": 0.04945589997805655,
            "count": 1,
            "self": 0.04945589997805655
        },
        "TrainerController.start_learning": {
            "total": 789.6985682998784,
            "count": 1,
            "self": 0.3974971887655556,
            "children": {
                "TrainerController._reset_env": {
                    "total": 5.609037999995053,
                    "count": 1,
                    "self": 5.609037999995053
                },
                "TrainerController.advance": {
                    "total": 783.6300109112635,
                    "count": 25355,
                    "self": 0.39408416533842683,
                    "children": {
                        "env_step": {
                            "total": 713.245820132317,
                            "count": 25355,
                            "self": 630.603315613931,
                            "children": {
                                "SubprocessEnvManager._take_step": {
                                    "total": 82.38500090129673,
                                    "count": 25357,
                                    "self": 1.302021375624463,
                                    "children": {
                                        "TorchPolicy.evaluate": {
                                            "total": 81.08297952567227,
                                            "count": 25044,
                                            "self": 81.08297952567227
                                        }
                                    }
                                },
                                "workers": {
                                    "total": 0.25750361708924174,
                                    "count": 25355,
                                    "self": 0.0,
                                    "children": {
                                        "worker_root": {
                                            "total": 740.8753630018327,
                                            "count": 25355,
                                            "is_parallel": true,
                                            "self": 178.4720396148041,
                                            "children": {
                                                "steps_from_proto": {
                                                    "total": 0.0022871000692248344,
                                                    "count": 3,
                                                    "is_parallel": true,
                                                    "self": 0.0005058001261204481,