{
    "name": "root",
    "gauges": {
        "BlockAgent.Policy.Entropy.mean": {
            "value": 2.167884349822998,
            "min": 2.167884349822998,
            "max": 2.7653441429138184,
            "count": 10
        },
        "BlockAgent.Policy.Entropy.sum": {
            "value": 108463.59375,
            "min": 108463.59375,
            "max": 138665.421875,
            "count": 10
        },
        "BlockAgent.Step.mean": {
            "value": 499984.0,
            "min": 49990.0,
            "max": 499984.0,
            "count": 10
        },
        "BlockAgent.Step.sum": {
            "value": 499984.0,
            "min": 49990.0,
            "max": 499984.0,
            "count": 10
        },
        "BlockAgent.Policy.ExtrinsicValueEstimate.mean": {
            "value": 283.94598388671875,
            "min": 16.321252822875977,
            "max": 287.68328857421875,
            "count": 10
        },
        "BlockAgent.Policy.ExtrinsicValueEstimate.sum": {
            "value": 228292.5625,
            "min": 13040.6806640625,
            "max": 231009.6875,
            "count": 10
        },
        "BlockAgent.Losses.PolicyLoss.mean": {
            "value": 0.02447966981465773,
            "min": 0.022074358495883642,
            "max": 0.026335466122254726,
            "count": 10
        },
        "BlockAgent.Losses.PolicyLoss.sum": {
            "value": 0.12239834907328864,
            "min": 0.0970641143970142,
            "max": 0.13167733061127362,
            "count": 10
        },
        "BlockAgent.Losses.ValueLoss.mean": {
            "value": 1206.8572680664063,
            "min": 357.18708970040984,
            "max": 1206.8572680664063,
            "count": 10
        },
        "BlockAgent.Losses.ValueLoss.sum": {
            "value": 6034.286340332032,
            "min": 1428.7483588016394,
            "max": 6034.286340332032,
            "count": 10
        },
        "BlockAgent.Policy.LearningRate.mean": {
            "value": 1.318929560359999e-05,
            "min": 1.318929560359999e-05,
            "max": 0.00028353870548709995,
            "count": 10
        },
        "BlockAgent.Policy.LearningRate.sum": {
            "value": 6.594647801799995e-05,
            "min": 6.594647801799995e-05,
            "max": 0.0012738072753976,
            "count": 10
        },
        "BlockAgent.Policy.Epsilon.mean": {
            "value": 0.10439640000000001,
            "min": 0.10439640000000001,
            "max": 0.19451290000000002,
            "count": 10
        },
        "BlockAgent.Policy.Epsilon.sum": {
            "value": 0.5219820000000001,
            "min": 0.5219820000000001,
            "max": 0.9246024000000002,
            "count": 10
        },
        "BlockAgent.Policy.Beta.mean": {
            "value": 0.00022938035999999995,
            "min": 0.00022938035999999995,
            "max": 0.00472619371,
            "count": 10
        },
        "BlockAgent.Policy.Beta.sum": {
            "value": 0.0011469017999999997,
            "min": 0.0011469017999999997,
            "max": 0.021237659759999996,
            "count": 10
        },
        "BlockAgent.Environment.EpisodeLength.mean": {
            "value": 916.1272727272727,
            "min": 882.6315789473684,
            "max": 988.4583333333334,
            "count": 10
        },
        "BlockAgent.Environment.EpisodeLength.sum": {
            "value": 50387.0,
            "min": 45505.0,
            "max": 51178.0,
            "count": 10
        },
        "BlockAgent.Environment.CumulativeReward.mean": {
            "value": 2662.854605473578,
            "min": 980.3284833348589,
            "max": 2834.259301582996,
            "count": 10
        },
        "BlockAgent.Environment.CumulativeReward.sum": {
            "value": 146457.0033010468,
            "min": 47055.76720007323,
            "max": 147381.4836823158,
            "count": 10
        },
        "BlockAgent.Policy.ExtrinsicReward.mean": {
            "value": 2662.854605473578,
            "min": 980.3284833348589,
            "max": 2834.259301582996,
            "count": 10
        },
        "BlockAgent.Policy.ExtrinsicReward.sum": {
            "value": 146457.0033010468,
            "min": 47055.76720007323,
            "max": 147381.4836823158,
            "count": 10
        },
        "BlockAgent.IsTraining.mean": {
            "value": 1.0,
            "min": 1.0,
            "max": 1.0,
            "count": 10
        },
        "BlockAgent.IsTraining.sum": {
            "value": 1.0,
            "min": 1.0,
            "max": 1.0,
            "count": 10
        }
    },
    "metadata": {
        "timer_format_version": "0.1.0",
        "start_time_seconds": "1738714951",
        "python_version": "3.10.0 (tags/v3.10.0:b494f59, Oct  4 2021, 19:00:18) [MSC v.1929 64 bit (AMD64)]",
        "command_line_arguments": "C:\\Users\\ViniciusDugue\\Desktop\\Generative_Agents\\venv\\Scripts\\mlagents-learn configuration.yaml --run-id=id=Test1",
        "mlagents_version": "0.30.0",
        "mlagents_envs_version": "0.30.0",
        "communication_protocol_version": "1.5.0",
        "pytorch_version": "1.13.1+cu117",
        "numpy_version": "1.23.5",
        "end_time_seconds": "1738715706"
    },
    "total": 755.8240206000046,
    "count": 1,
    "self": 0.00986719992943108,
    "children": {
        "run_training.setup": {
            "total": 0.06191640003817156,
            "count": 1,
            "self": 0.06191640003817156
        },
        "TrainerController.start_learning": {
            "total": 755.752237000037,
            "count": 1,
            "self": 0.5897157030995004,
            "children": {
                "TrainerController._reset_env": {
                    "total": 16.68075050000334,
                    "count": 1,
                    "self": 16.68075050000334
                },
                "TrainerController.advance": {
                    "total": 738.413333997014,
                    "count": 31621,
                    "self": 0.536465493729338,
                    "children": {
                        "env_step": {
                            "total": 647.9654937041341,
                            "count": 31621,
                            "self": 532.2261030172813,
                            "children": {
                                "SubprocessEnvManager._take_step": {
                                    "total": 115.37431089649908,
                                    "count": 31621,
                                    "self": 1.943753391271457,
                                    "children": {
                                        "TorchPolicy.evaluate": {
                                            "total": 113.43055750522763,
                                            "count": 31287,
                                            "self": 113.43055750522763
                                        }
                                    }
                                },
                                "workers": {
                                    "total": 0.365079790353775,
                                    "count": 31621,
                                    "self": 0.0,
                                    "children": {
                                        "worker_root": {
                                            "total": 738.6906833011308,
                                            "count": 31621,
                                            "is_parallel": true,
                                            "self": 242.3082268969738,
                                            "children": {
                                                "steps_from_proto": {
                                                    "total": 0.0007728999480605125,
                                                    "count": 1,
                                                    "is_parallel": true,